double,gene_a,gene_b,n_ab,n_a,n_b,n_eff,excess_raw,null_mu,null_q95,lam,excess_ratio,excess_z,sig_expr,n_sig_genes,n_sig_de20,rel_resid,rel_resid_de20,pearson_add_all,pearson_add_de20,norm_delta,norm_resid,u_ab,u_a,u_b,rho_mass,mass_se_poisson,z_mass_poisson,q_mass,sig_mass
AHR+FEV,AHR,FEV,239,466,625,124.0,1.924417346188567,1.103005650981579,1.1308912591783227,1.3346233671775183,1.7447030706288793,51.04296400329672,True,137,7,0.47912911011781045,0.2893102798771801,0.8794489264930103,0.9730024614623802,10.804848114849845,5.176917262226108,-0.03696519423347144,0.137832474523913,0.4313984901346686,-0.606196158892053,0.08927267056985987,-6.790388984920949,1.8154481236135258e-11,True
AHR+KLF1,AHR,KLF1,402,466,1629,185.7,1.9194779382061598,1.04268482732795,1.0736425208467404,1.2617496460449147,1.840899462520362,52.36990866691784,True,197,6,0.7491526548587777,0.24050672473427392,0.7921552198912915,0.9775542933688541,5.252148862025669,3.934661263700038,0.48302334245403866,0.137832474523913,1.3893684490003126,-1.044177581070187,0.07261923440302738,-14.378801837473748,3.99438017345353e-46,True
BCL2L11+BAK1,BCL2L11,BAK1,153,454,1154,102.6,1.2085013958922388,1.2129326723395462,1.243913888999204,1.414221924148501,0.996346642688122,-0.24332290452264146,False,7,3,1.1083741897744128,0.6185590737478212,0.32719015760499814,0.8634612510522404,2.51323545977891,2.7856053164447734,-0.4829908247725472,0.11174403843961578,1.0446362874663127,-1.6393711506784756,0.09825014362334246,-16.685687065896467,1.6017165170098704e-61,True
BCL2L11+TGFBR2,BCL2L11,TGFBR2,372,454,530,144.6,1.1939091951380956,1.0669486635281749,1.0939787799816776,1.3031830816502377,1.1189940396851794,8.397625229404598,True,3,1,0.9564223322598403,0.20602251100173608,0.5762453135328921,0.9840267649904976,2.398332016352522,2.2938183006133244,0.4054651081081637,0.11174403843961578,0.2665238469444349,0.027197222724113068,0.08253145687482902,0.3295376545377312,0.7417493376152496,False
BPGM+SAMD1,BPGM,SAMD1,233,388,415,106.2,1.4070365100242948,1.2106480325601487,1.245879566116163,1.4170867873275816,1.1622176488808598,10.005697170112965,True,16,2,0.4666506599340168,0.2102945200381635,0.9270636685360948,0.9931692975355456,7.399175597904224,3.4528301757296793,-0.062390292599282304,-0.045347819978458936,0.02192536062896533,-0.0389678332497887,0.09656667784935467,-0.4035329175409663,0.692092967611259,False
BPGM+ZBTB1,BPGM,ZBTB1,280,388,589,125.3,1.4460507700492524,1.097648023833553,1.1249850095165392,1.3302512382242522,1.3174084393637382,21.85297654492912,True,31,2,0.5322063755681079,0.29001998994342726,0.9214790392433252,0.9933630971620933,6.542495272194732,3.48195769598624,0.1213608570042668,-0.045347819978458936,0.372073024049854,-0.20536434706712825,0.08880152494385407,-2.312621851899194,0.024232989515658304,True
CBL+CNN1,CBL,CNN1,279,522,624,138.1,2.0883067378047007,1.0826344440125883,1.1145402977544154,1.3175562328936876,1.9289121543785086,59.35485382644485,True,198,13,0.4719475971897413,0.2706777829729651,0.8825273957321043,0.9597025357085053,10.032126229213661,4.734637868581567,0.11778303565638293,0.25131442828090655,0.42979720876769534,-0.563328601392219,0.08448643607372679,-6.667680962428481,4.1646944596678986e-11,True
CBL+PTPN12,CBL,PTPN12,253,522,353,113.1,1.4395234845160176,1.163884456026276,1.197577010809696,1.3832862778733943,1.2368267975936598,15.054229597821182,True,18,3,0.4350475451166943,0.18061491424731477,0.901055392153548,0.987333031992634,7.614661771270782,3.312739910485293,0.01996074256253788,0.25131442828090655,-0.139885102668436,-0.09146858304993266,0.09351243294854378,-0.9781435491071464,0.34746115638437547,False
CBL+PTPN9,CBL,PTPN9,226,522,358,107.9,1.450797923390116,1.2096072439325607,1.2467750483743687,1.4183919020521312,1.199395862307685,11.897249438587874,True,14,2,0.45701935736008437,0.1959155475360858,0.8865985449680486,0.9853682735538856,7.5768875061033665,3.462784258829013,-0.09289374689269625,0.25131442828090655,-0.12582017320103223,-0.21838800197257058,0.09580907765362091,-2.2794082494156758,0.026206954163539048,True
CBL+TGFBR2,CBL,TGFBR2,154,522,530,95.8,1.2615012140469593,1.1877220540863926,1.221120067194665,1.3939746533249837,1.0621182032502698,3.8931634545378646,True,6,1,0.559966620811029,0.21267816165904208,0.8263526833742262,0.9770112622141477,5.480724082727231,3.069022544202394,-0.47647614375135294,0.25131442828090655,0.2665238469444349,-0.9943144189766944,0.1017221964978032,-9.774802876952894,3.2240674791755323e-22,True
CBL+UBASH3A,CBL,UBASH3A,48,522,671,41.0,1.865734190070349,1.4719887314159348,1.5136474756270286,1.5517499035950462,1.2674921690981036,13.77428044045224,True,61,8,0.7044018817093964,0.4441395442218022,0.7001155360656689,0.944524832668743,8.01739215934443,5.647466123444378,-1.6422277352570913,0.25131442828090655,0.5024159773699495,-2.3959581409079473,0.15607804962321556,-15.351025635520017,2.4210461413634266e-52,True
CBL+UBASH3B,CBL,UBASH3B,311,522,968,158.7,2.0152471802478567,1.0693658377168205,1.098029633536697,1.3046960561487966,1.8845254908746352,57.535303475649705,True,158,13,0.4722802751604018,0.38512511388031656,0.8991679729939905,0.9711793660414034,9.589857553005762,4.5291005638826185,0.22636416601425147,0.25131442828090655,0.8688789276748441,-0.8938291899414992,0.07870814656728205,-11.356247465151878,2.0071874685550655e-29,True
CDKN1B+CDKN1A,CDKN1B,CDKN1A,98,406,274,60.8,1.4572430584667468,1.2653382880139143,1.300926073454746,1.4563568668078084,1.1516628179757746,9.012088146089916,True,7,0,0.5226414781312061,0.319063521997306,0.9238893476282732,0.9926648354031206,8.26133518636502,4.317716433139157,-0.9284612674944102,0.0,-0.3932250532136621,-0.5352362142807481,0.12805555008919348,-4.179718988422949,3.840388661133571e-05,True
CDKN1C+CDKN1A,CDKN1C,CDKN1A,80,164,274,44.7,1.7067598604023118,1.41114736585003,1.449878529199428,1.5299648581582894,1.2094837872401896,11.432685170917182,True,39,0,0.6843610269399504,0.36434366379341937,0.9010764086537265,0.994229592339046,8.29343267097986,5.675702099569112,-1.1314021114911013,-0.9064867317775338,-0.3932250532136621,0.16830967350009463,0.14952676566237508,1.1256156899703866,0.2805261034205654,False
CDKN1C+CDKN1B,CDKN1C,CDKN1B,78,164,406,46.5,1.5570734222174354,1.382988711928705,1.4203649297481267,1.5198822844124802,1.1258757275364548,7.07838251617495,True,6,0,0.699211981708533,0.3533529549563936,0.8844614144873606,0.9917486947172375,7.562780548477993,5.2879867745280436,-1.1567199194753908,-0.9064867317775338,0.0,-0.25023318769785696,0.14658738766781623,-1.7070581015122117,0.09628426939716263,False
CEBPB+CEBPA,CEBPB,CEBPA,50,402,387,39.7,2.529541373253359,1.4959441669286486,1.5387556050986682,1.5603274601019996,1.6909330101850046,34.848221203222,True,167,2,0.7795585989337716,0.6591933183559325,0.9063871136392478,0.9972531794042111,13.704105620829534,10.683153377414294,-1.6014057407368365,-0.009901070982711424,-0.0479284665719506,-1.5435762031821745,0.15873467875977762,-9.724253170399884,5.121612345404599e-22,True
CEBPB+MAPK1,CEBPB,MAPK1,331,402,648,139.1,2.3810134192932493,1.0790879265378006,1.1098616442656524,1.3143301597142403,2.2065054762799647,78.92491641765375,True,331,16,0.7001726910945586,0.4018442196747471,0.940005600113212,0.9962980169505983,7.767435308973245,5.438546083186691,0.2886896292120804,-0.009901070982711424,0.4675375367505419,-0.16894683655575005,0.08418505313448207,-2.0068507444648707,0.050411664201025504,False
CEBPB+OSR2,CEBPB,OSR2,185,402,833,108.3,1.4982101154616967,1.2087983007355225,1.246395391634871,1.4182832084580577,1.2394210965965742,14.18263933926706,True,32,5,0.43194961997487835,0.26913976623862235,0.9344147756149337,0.9783447955908909,9.235586185676743,3.9893079431483054,-0.29307292108665806,-0.009901070982711424,0.7186804825651105,-1.0018523326690572,0.09559729142938497,-10.479923831409986,2.6707436766893915e-25,True
CEBPB+PTPN12,CEBPB,PTPN12,262,402,353,107.8,2.020698084063426,1.2096320741116573,1.2467536847811667,1.4183607658238009,1.6705063690936006,40.03797392647287,True,138,4,0.8512112806030278,0.2612834006334513,0.8709858590943365,0.9862955883875362,5.992471188159146,5.100859074049694,0.05491575759611411,-0.009901070982711424,-0.139885102668436,0.20470193124726155,0.0958270844314746,2.1361594424136188,0.03712093182710859,True
CEBPE+CEBPA,CEBPE,CEBPA,141,1009,387,92.6,3.3664419186296857,1.1710219200458336,1.2070636537189199,1.3817780358016767,2.8747898403967738,110.93713745304254,True,759,16,0.7774115465975445,0.7220285933296104,0.9563718043011761,0.9883392382040889,13.34604745918628,10.375371396210236,-0.564668855786814,0.910361860751876,-0.0479284665719506,-1.4271022499667394,0.10353989069443197,-13.783115284315095,1.6103416284445974e-42,True
CEBPE+CEBPB,CEBPE,CEBPB,90,1009,402,67.9,2.0179990386949274,1.2331818002916886,1.2696859465000048,1.4312294401348806,1.6364164944841089,37.178210561935565,True,108,8,0.592317401350601,0.42190839746470377,0.9179088467783999,0.9837528132123811,11.724206244981785,6.944451375926098,-1.0136190758347174,0.910361860751876,-0.009901070982711424,-1.914079865603882,0.12108916296706106,-15.807193795901902,2.168418146852064e-55,True
CEBPE+CNN1,CEBPE,CNN1,190,1009,624,125.1,2.47961474942865,1.0983095710030146,1.1257142993006044,1.3307910983999682,2.257664701186369,86.53982957924467,True,327,11,0.9171559029657933,0.5013195636968482,0.8705829034509034,0.956148522992118,6.212325001878278,5.697670546614646,-0.2664046740044963,0.910361860751876,0.42979720876769534,-1.6065637435240676,0.08885957068770904,-18.079805372571823,5.223882405790272e-72,True
CEBPE+KLF1,CEBPE,KLF1,381,1009,1629,229.0,5.317211351395612,1.0452106109832529,1.0742544930503886,1.241341541367444,5.087215242097086,256.34942942716384,True,1606,13,1.7061776452184492,0.45687818423358534,0.6113237686402301,0.9172395325286984,4.070536703797943,6.945058728061243,0.42937062896171874,0.910361860751876,1.3893684490003126,-1.8703596807904699,0.06519769902238534,-28.68751058451143,3.413717208312935e-179,True
CEBPE+PTPN12,CEBPE,PTPN12,309,1009,353,138.9,3.0663995442454706,1.079669283460246,1.1106285846833301,1.3148589883435986,2.840128538637246,119.90555462420578,True,578,14,1.1853932013719068,0.8345691761417977,0.8601401387258917,0.9487097291729414,5.161519376515961,6.118429977671383,0.2199125307327634,0.910361860751876,-0.139885102668436,-0.5505642273506766,0.08423438586306106,-6.53609831317252,9.866315064185141e-11,True
CEBPE+RUNX1T1,CEBPE,RUNX1T1,1005,1009,624,268.4,3.2668479932277976,1.052170746327422,1.0791058239297213,1.2307576670841414,3.104864875430776,133.87935052698336,True,830,17,1.0076687536937396,0.5859751802780928,0.9425055712009037,0.9916132809489755,4.965185437874743,5.003262222041547,1.3993140743281938,0.910361860751876,0.42979720876769534,0.05915500480862246,0.060054840218847605,0.9850164381930577,0.34681196216702787,False
CEBPE+SPI1,CEBPE,SPI1,149,1009,488,101.1,2.0454062463220297,1.2133149426684864,1.242661464591529,1.4126659208677654,1.6857999307446883,47.102680077087406,True,148,3,0.3868630250125641,0.17080198295671495,0.9426415758194253,0.9900557079859997,14.92319295907809,5.773231570995147,-0.5094824402195233,0.910361860751876,0.183962246251415,-1.6038065472228142,0.09899671801597804,-16.200603205491724,4.458468754528802e-58,True
CNN1+MAPK1,CNN1,MAPK1,312,624,648,154.1,1.4939050458101661,1.0686060744032322,1.0967563740693904,1.3042204998054434,1.3979941548099883,26.540251059819536,True,32,2,0.6454623785163643,0.2767783394574088,0.8631811462514024,0.9714598013727812,5.214023197618582,3.3654558147743896,0.22957444164450003,0.42979720876769534,0.4675375367505419,-0.6677603038737372,0.07989121218069346,-8.358369908863498,1.1355497649476908e-16,True
CNN1+UBASH3A,CNN1,UBASH3A,137,624,671,95.0,2.281020355065074,1.183341030805156,1.2174325833374473,1.3907750583281904,1.9276102963429294,57.25727109900339,True,176,14,0.607819183649145,0.45767379814071396,0.8338024590779225,0.9311062546174433,10.579148035709826,6.430209122768603,-0.5934478203368574,0.42979720876769534,0.5024159773699495,-1.5256610064745022,0.10219601053485633,-14.928772644741743,1.3385744763969348e-49,True
DUSP9+ETS2,DUSP9,ETS2,680,645,1010,241.0,2.097501087034765,1.0474619007944141,1.075823679745639,1.2379181354768427,2.002460505192582,63.15964815582014,True,217,6,0.6501851136316247,0.2853179176080338,0.8698917467070096,0.9316569828441471,5.491727960473265,3.5706397680142805,1.0086640520051695,0.4628971571940399,0.9113524502335721,-0.36558555542244253,0.06349092897313353,-5.758075387070516,1.2366040823529614e-08,True
DUSP9+IGDCC3,DUSP9,IGDCC3,314,645,498,145.3,1.510927659581943,1.067078718909569,1.0941967350246136,1.3032644868201149,1.4159477017083952,29.2203496171499,True,42,9,0.42360335357048046,0.2995543164533592,0.9478857865495546,0.9923296187059591,8.388859957075097,3.553549210450128,0.23596423974327063,0.4628971571940399,0.20424691742292023,-0.4311798348736895,0.0823212895366338,-5.237768228616124,2.2827245562100385e-07,True
DUSP9+KLF1,DUSP9,KLF1,314,645,1629,182.3,1.5691602018150623,1.0458572661088366,1.0765422094613717,1.2668560814807424,1.5003578907599888,31.323567870498575,True,72,7,0.407620970659636,0.1976264761588261,0.9221314975535132,0.9770109253159355,8.039538822291865,3.277084618398437,0.23596423974327063,0.4628971571940399,1.3893684490003126,-1.616301366451082,0.07331900509233302,-22.044780400601738,2.6799811645054724e-106,True
DUSP9+MAPK1,DUSP9,MAPK1,244,645,648,136.4,2.9633428564098754,1.0888463104562007,1.1227351454648093,1.3232068284061898,2.721543736662252,105.7397911933604,True,542,12,1.522552272774923,0.6524720323072787,0.7390603406651799,0.9459852467385037,3.887801244188339,5.919380620436129,-0.016260520871780315,0.4628971571940399,0.4675375367505419,-0.9466952148163621,0.08501682342994209,-11.135386816663223,2.3970990894553735e-28,True
DUSP9+PRTG,DUSP9,PRTG,236,645,579,130.7,1.5415645207950046,1.090434392431025,1.120259102890413,1.3244773573865876,1.413715975482235,27.105108302787162,True,40,10,0.43153055302275173,0.35320591999026885,0.943925606693169,0.9943248924797131,8.75796352097145,3.7793288415578954,-0.049596941139371964,0.4628971571940399,0.35494931797126306,-0.8674434163046749,0.08690399970552744,-9.981628224753642,4.246102883848963e-23,True
DUSP9+SNAI1,DUSP9,SNAI1,158,645,372,93.4,2.0950968965266346,1.1754445860245062,1.2107861880117794,1.3850080437312062,1.7823867849121686,46.99866823232857,True,142,6,0.5562330260821372,0.2559592349437393,0.8312308720924246,0.9669642451906592,11.28334469141407,6.276168962033068,-0.45083371313801557,0.4628971571940399,-0.08745930532858637,-0.8262715650034691,0.10305545699739799,-8.0177371395707,1.8194425576601768e-15,True
ETS2+CEBPE,ETS2,CEBPE,313,1010,1009,188.2,2.3234160472917584,1.0404231922920542,1.071575329699176,1.2581092627033075,2.23314518986574,76.5146773178353,True,362,17,0.6433686709243875,0.33322634352047736,0.9407508884721666,0.994688395757075,7.374386992391575,4.744449558177059,0.23277444437517048,0.9113524502335721,0.910361860751876,-1.5889398666102776,0.07212424218078983,-22.030593578056187,3.054983198150207e-106,True
ETS2+CNN1,ETS2,CNN1,769,1010,624,248.1,1.4171081977683895,1.0487274781134641,1.07670580832856,1.2359936454233775,1.3512644870501518,22.187734764363075,True,53,5,0.5797082516208458,0.2969930201976284,0.893602658974691,0.9806309717468203,4.1280153482498605,2.3930445601979438,1.131662223340662,0.9113524502335721,0.42979720876769534,-0.20948743566060557,0.06254987839576029,-3.349126185908059,0.0010340161446366536,True
ETS2+IGDCC3,ETS2,IGDCC3,361,1010,498,169.3,1.6263479829701333,1.0583527309789627,1.0879633777552185,1.2869690888567649,1.5366785905732792,34.28930573693561,True,59,5,0.7298587150282477,0.30104966728672916,0.8468646738866044,0.9541770268435869,4.5826303457660345,3.3446726956102526,0.37544921216789806,0.9113524502335721,0.20424691742292023,-0.7401501554885943,0.07613809212033008,-9.721154482290506,5.190420882766562e-22,True
ETS2+IKZF3,ETS2,IKZF3,381,1010,556,180.2,1.591526363505205,1.0478362510820467,1.0783510513624093,1.270041504334307,1.5188693480128383,32.5876275309964,True,55,4,0.35722725072249945,0.19844805703951682,0.946608194264177,0.9615306923599015,9.422248336689462,3.3658838689402195,0.42937062896171874,0.9113524502335721,0.31441513464884974,-0.7963969559207031,0.07375876450882872,-10.797319630067511,9.630392040343756e-27,True
ETS2+MAP7D1,ETS2,MAP7D1,261,1010,630,152.8,1.6653500004957849,1.068374828646958,1.096368837789098,1.3040757568515489,1.5587694092389515,37.54971048826183,True,26,4,0.5686640070770412,0.2338990404131439,0.8297922469008582,0.9755130081090176,6.2098269293391715,3.531305064892932,0.05109166115771124,0.9113524502335721,0.4393666597838459,-1.2996274488597068,0.0802546630240092,-16.19379360512556,4.648414659421316e-58,True
ETS2+MAPK1,ETS2,MAPK1,411,1010,648,195.9,1.688143978037624,1.0383743504410587,1.069489504982262,1.2517370464213942,1.6257566236305527,38.71133362833568,True,99,14,0.3853726063770271,0.3060814424439652,0.9339135054561446,0.9821525116365757,8.74451963597061,3.369898323629086,0.5051644683312517,0.9113524502335721,0.4675375367505419,-0.8737255186528623,0.07064836227842215,-12.367243775723317,1.4038553436754132e-34,True
ETS2+PRTG,ETS2,PRTG,348,1010,579,174.6,1.573197092623681,1.0531760870366862,1.083231795354998,1.2786366355326015,1.493764539460988,31.282387921657538,True,59,3,0.6169701723790428,0.22367017862755015,0.8628913822410532,0.9764758884100204,5.14309158067166,3.173134099088198,0.33877373360949203,0.9113524502335721,0.35494931797126306,-0.9275280345953432,0.07495790163007443,-12.373986123208159,1.3287846037207715e-34,True
FEV+CBFA2T3,FEV,CBFA2T3,136,625,526,91.0,2.565308883163612,1.1628337522972747,1.2001717167318888,1.3757979670187972,2.2060839549038125,69.4258859814725,True,282,10,0.617835914161589,0.3174800508150084,0.8310541503883487,0.9639527180549357,12.350736553453356,7.630728609071807,-0.6007738604289301,0.4313984901346686,0.2589480531359776,-1.2911204036995763,0.10444264100155894,-12.362004554062404,1.4568123911738603e-34,True
FEV+ISL2,FEV,ISL2,257,625,483,129.9,2.0192275267674753,1.0904592561843462,1.1196023229983516,1.3244737159950617,1.8517221210382548,56.449289169353186,True,180,8,0.5146917417431912,0.23276057483705384,0.8717044652295385,0.9831200046362016,9.503922809987234,4.891590584465174,0.03564733873023762,0.4313984901346686,0.1736634940508397,-0.5694146454552707,0.08717333630492533,-6.531981791582508,1.001621115190772e-10,True
FEV+MAP7D1,FEV,MAP7D1,233,625,630,131.3,1.5939109234254327,1.0904152931704059,1.1207636128155862,1.3244801545461664,1.461746669740024,29.987592707890844,True,15,0,0.49138563636716676,0.15104772245350725,0.8742298451385148,0.9901461966233606,7.941046838409912,3.902116354113532,-0.062390292599282304,0.4313984901346686,0.4393666597838459,-0.9331554425177968,0.08669765198859046,-10.763330045438849,1.3639054889515584e-26,True
FOSB+CEBPB,FOSB,CEBPB,65,498,402,50.0,1.7349765015680674,1.3313923631454798,1.3662858542570742,1.5014075379606482,1.3031293776307236,18.114409423796964,True,29,2,0.47944579313151336,0.23718193556413206,0.8774650034216073,0.9793156418721887,11.877443055959647,5.694590106338959,-1.3390414762693457,0.20424691742292023,-0.009901070982711424,-1.5333873227095545,0.14134868723380342,-10.848260091536572,5.646044906871381e-27,True
FOSB+CEBPE,FOSB,CEBPE,124,498,1009,89.3,1.5813388084972255,1.153813658258395,1.1925795518371243,1.3692103170784262,1.3705322321146303,20.6992865900971,True,32,4,0.39926769506459847,0.25104223627028827,0.9224434883020634,0.9799002161429341,11.34332415573685,4.5290228900316345,-0.6931471805599454,0.20424691742292023,0.910361860751876,-1.8077559587347416,0.1054459955954051,-17.143903365198213,7.271182723209719e-65,True
FOSB+IKZF3,FOSB,IKZF3,196,498,556,110.5,1.8895251417321377,1.187882503485433,1.2236613023573435,1.4019855900015916,1.5906666999370522,36.111616735840464,True,100,7,0.6348932746559872,0.24755026083574347,0.9175993833127805,0.9852700741699929,7.595247709554453,4.822171690142413,-0.23531408693446565,0.20424691742292023,0.31441513464884974,-0.7539761390062356,0.09462085315144514,-7.968392948216829,2.6791838421333493e-15,True
FOSB+OSR2,FOSB,OSR2,321,498,833,154.8,1.4485828373029328,1.0687150893982738,1.0969390683006497,1.3042887352301942,1.3554434214253854,23.61734044235154,True,37,5,0.41377424460485784,0.2133144258717346,0.9117322967174613,0.9721238164824879,7.588391316366241,3.139880884695504,0.2580123769650333,0.20424691742292023,0.7186804825651105,-0.6649150230229974,0.0797204196531779,-8.340586087174366,1.3014651924755212e-16,True
FOSB+PTPN12,FOSB,PTPN12,282,498,353,117.3,1.5468815354405148,1.1313841978618588,1.1621757771715762,1.3577818780329458,1.367246898413361,24.60814613794813,True,50,3,0.8748664404710105,0.3276018130952747,0.7542898209179315,0.9388700051169776,4.057600807714382,3.5498587754973787,0.12847832477313137,0.20424691742292023,-0.139885102668436,0.06411651001864715,0.09180882494914694,0.698369792382828,0.5051520443587094,False
FOSB+UBASH3B,FOSB,UBASH3B,356,498,968,167.0,1.4128100386059566,1.0606888836579893,1.090098679897604,1.2907294176282949,1.33197402214079,21.291222564270132,True,13,3,0.8561196127383919,0.3940051334059969,0.8145621161015855,0.9444208288947353,3.551281832466489,3.040322027136097,0.361501984687048,0.20424691742292023,0.8688789276748441,-0.7116238604107163,0.07667647775471426,-9.280862674563373,3.4449150350854916e-20,True
FOXA1+FOXF1,FOXA1,FOXF1,235,750,704,139.9,1.477930390943998,1.0760665807452117,1.1058758102372717,1.3115818065208331,1.3734562687751928,24.938188844807918,True,16,0,0.5204226301365085,0.23039900650500472,0.8530477642093416,0.9777661792568136,6.715091646202865,3.494685656124591,-0.05384323202082353,0.6137200469286235,0.5504251965563096,-1.2179884755057566,0.08392911518039828,-14.512109092152313,6.0446134452741525e-47,True
FOXA1+FOXL2,FOXA1,FOXL2,168,750,531,107.5,1.4210070117593423,1.2098611404722797,1.2465565987865161,1.418073524137811,1.1745207480625752,10.496712041573339,True,13,1,0.506895271186974,0.26056134516631135,0.8722732951963679,0.9711013985135419,7.487832818676967,3.795547047225985,-0.3894647667617237,0.6137200469286235,0.2684088616402063,-1.2715936753305535,0.09599335769861869,-13.246683997895525,2.1052851951261114e-39,True
FOXA1+HOXB9,FOXA1,HOXB9,252,750,590,140.2,1.5315429478465274,1.0751736257431546,1.104697801933243,1.3107695341429106,1.4244610462686274,28.520077435881507,True,33,3,0.43760175166438364,0.27649287390991834,0.8998217889975004,0.9757744563661078,8.552879834162553,3.7427551972045165,0.016000341346440905,0.6137200469286235,0.37376937729803217,-0.9714890828802147,0.0838536163903994,-11.585535898144553,1.4521000791297972e-30,True
FOXA3+FOXA1,FOXA3,FOXA1,179,397,750,104.4,1.320039111983392,1.211777988164524,1.2449073656429288,1.4156698601453785,1.0893407248491538,5.719854991173755,True,6,0,0.41639586834955206,0.16922133892363117,0.9094296806623792,0.9883237677588954,8.237482598136626,3.4300537194654246,-0.32604294032422754,-0.022416878914541805,0.6137200469286235,-0.9173461083383092,0.0973957679794236,-9.418747111600506,9.510467961350824e-21,True
FOXA3+FOXF1,FOXA3,FOXF1,142,397,704,89.9,1.326498180142338,1.1573243872205508,1.1955345136220707,1.3717743095754575,1.146176642253325,8.261340987543182,True,3,0,0.5219682023662842,0.1739614762275965,0.8589083491355886,0.9835785175762688,7.0523300144490735,3.6810920201357735,-0.5576016885637216,-0.022416878914541805,0.5504251965563096,-1.0856100062054894,0.10505436554455358,-10.333792418603318,1.1913820212284712e-24,True
FOXA3+FOXL2,FOXA3,FOXL2,97,397,531,67.3,1.5954139855944403,1.2355675094553977,1.2720036703072553,1.4330936590319152,1.2912398338295998,17.035528382744484,True,11,1,0.5174082510648473,0.28469500848529555,0.8548088882029257,0.9624469746494767,10.245113670408193,5.300906346166462,-0.9387177676615996,-0.022416878914541805,0.2684088616402063,-1.1847097503872641,0.12159296165017282,-9.74324281857461,4.323688459314553e-22,True
FOXA3+HOXB9,FOXA3,HOXB9,279,397,590,126.0,1.5220089371440224,1.094509351437285,1.1215249361917765,1.3276899027525224,1.390585594490677,26.962329229546654,True,31,3,0.4035017967348299,0.23094342926808853,0.9136851996382153,0.984436082345866,9.560529025860191,3.8576906396700803,0.11778303565638293,-0.022416878914541805,0.37376937729803217,-0.23356946272710744,0.08852662877325217,-2.6384090975085135,0.010108741358972793,True
FOXF1+FOXL2,FOXF1,FOXL2,162,704,531,104.0,1.596068741489896,1.2120415744025286,1.2446805791529694,1.4153393316679435,1.3168432298014796,20.466317147023577,True,27,1,0.49951349025610675,0.32675818356861497,0.8714796912076396,0.9512673759873951,9.112932696325172,4.552032817610381,-0.4258324109325988,0.5504251965563096,0.2684088616402063,-1.2446664691291147,0.09759016303558021,-12.754015675486926,1.2337130696784888e-36,True
FOXF1+HOXB9,FOXF1,HOXB9,166,704,590,107.8,1.3777561745810842,1.2096483321681941,1.2467396965410995,1.418340378755364,1.1389724913781931,8.302711997922628,True,10,2,0.4775828520108729,0.3292257550235627,0.8778188886511549,0.9602498926032578,7.570442489481003,3.61551351511063,-0.4014409578084388,0.5504251965563096,0.37376937729803217,-1.3256355316627806,0.09583887650855884,-13.831918527805316,8.520741978735942e-43,True
FOXL2+HOXB9,FOXL2,HOXB9,80,531,590,61.7,1.5270505871142275,1.261102009882,1.2968105161899168,1.4530465933399683,1.2108858562973126,12.503553787360515,True,10,2,0.4718474233402404,0.3304448348678342,0.8797797935007888,0.9603154317031318,10.198159439566753,4.8119752543725225,-1.1314021114911013,0.2684088616402063,0.37376937729803217,-1.7735803504293397,0.12711575948170517,-13.952482034177658,1.6513279748224095e-43,True
FOXL2+MEIS1,FOXL2,MEIS1,171,531,674,106.9,1.3033229416017529,1.2101911930208027,1.2462726254670125,1.4176596490919715,1.0769562273449376,4.677438818821732,True,1,0,0.47934506729670845,0.19229529706828866,0.8766480728628068,0.9891148498896458,7.078115923886873,3.392859953869457,-0.3717651896623222,0.2684088616402063,0.5068769513105744,-1.1470510026131029,0.09623342663708691,-11.919465436254628,2.928370437740192e-32,True
IGDCC3+MAPK1,IGDCC3,MAPK1,284,498,648,138.7,2.1722531773752047,1.0805246583683048,1.1117570163987358,1.3156370761632352,2.01036890787436,65.4627658269038,True,204,6,1.01029182176466,0.4367635919681275,0.8182829816578912,0.9198945312448817,4.661630366177913,4.709607035039342,0.1355454919962238,0.20424691742292023,0.4675375367505419,-0.5362389621772383,0.08430702173851481,-6.360549229700317,3.064536732980222e-10,True
IGDCC3+PRTG,IGDCC3,PRTG,107,498,579,75.7,1.7296781253275997,1.2018368726548139,1.2392342526700741,1.4067361752743837,1.439195422176392,25.21971092260058,True,42,6,0.7110405405031881,0.577049354473281,0.8846943924883477,0.9810177349637466,7.163795623476484,5.093749112171093,-0.8405999117030767,0.20424691742292023,0.35494931797126306,-1.39979614709726,0.11465706296055794,-12.208547044143195,9.45412016891028e-34,True
IGDCC3+ZBTB25,IGDCC3,ZBTB25,98,498,583,71.1,1.422164137652531,1.2198364269234634,1.256720875131417,1.420801221306083,1.165864624357346,9.619531047503123,True,0,0,0.4191408188298127,0.1441021252696383,0.9062277202674922,0.9904929165642041,9.314250060873043,3.9039823972999597,-0.9284612674944102,0.20424691742292023,0.36183402674875964,-1.49454221166609,0.11830851566089126,-12.632583574540902,5.6297445493223555e-36,True
IRF1+SET,IRF1,SET,362,326,777,137.8,2.0156371512316995,1.0836405713116923,1.115867605749246,1.3184714519269571,1.860060618431693,54.59729351797382,True,198,9,0.4392568087268182,0.2146701241233225,0.9238393374957742,0.9730411093407147,9.733093332708531,4.275327516365821,0.378215465660789,-0.21945577823502482,0.6490871907659148,-0.05141594687010098,0.0845721255562494,-0.6079538208591427,0.5565759242067951,False
JUN+CEBPA,JUN,CEBPA,49,231,387,36.4,1.9539020452051163,1.5569437983909264,1.6026904329027511,1.5821691747096651,1.2549599074959796,12.253371726701983,True,99,0,0.4464641572179154,0.14662643877731324,0.9115413382452268,0.9893892265771815,16.35452277726617,7.301708228453341,-1.621608448054356,-0.5639354490799393,-0.0479284665719506,-1.009744532402466,0.1657031491537965,-6.093695488341487,1.6418668153004227e-09,True
JUN+CEBPB,JUN,CEBPB,46,231,402,34.9,1.864561661947296,1.5883283133282668,1.6355851162005408,1.593406810117107,1.1739145152176977,8.171749872217786,True,55,0,0.5410100233504381,0.29405875305306495,0.8471788267821324,0.9839632096401456,12.4013912728913,6.709276982124841,-1.6847873496758874,-0.5639354490799393,-0.009901070982711424,-1.1109508296132367,0.16940556815919552,-6.5579357377984335,8.63254883731369e-11,True
KIF18B+KIF2C,KIF18B,KIF2C,79,207,510,51.1,1.393921064536219,1.315885734193965,1.3500330732472414,1.4958551869715213,1.059302512607642,3.6153832823167384,True,7,1,1.0463704105378395,1.036362326970371,0.4491261497330288,0.3272959053956778,4.230520893827367,4.42669188446305,-1.143980893697961,-0.6736343663363638,0.22805756611663863,-0.6984040934782358,0.13981067115112528,-4.995356132174713,8.156568172232243e-07,True
KLF1+BAK1,KLF1,BAK1,319,1629,1154,210.4,1.1410306813659266,1.0415003318794303,1.07166836638801,1.246983547686146,1.0955643953630718,5.949208540314067,True,0,0,0.45839758899239297,0.1087828850810899,0.9057061952480105,0.9953663987663683,4.510403168258448,2.0675579377133233,0.2517623566198619,1.3893684490003126,1.0446362874663127,-2.1822423798467634,0.06810477232784475,-32.042429704365226,3.49843201454013e-223,True
KLF1+CEBPA,KLF1,CEBPA,267,1629,387,141.2,2.0335243691877603,1.0713778622070187,1.0996903368813686,1.3073167354392514,1.8980459097770952,61.98364759575725,True,211,6,0.4729721330831282,0.28321316370359106,0.9382323482510525,0.9833535359171756,11.273378507648184,5.331993879815854,0.07381991223526718,1.3893684490003126,-0.0479284665719506,-1.2676200701930949,0.08353341498500805,-15.17500595923916,3.4061210667684153e-51,True
KLF1+CLDN6,KLF1,CLDN6,208,1629,529,134.2,1.6102971484190325,1.09032448078311,1.12316243608071,1.3244934543667228,1.4768971776754563,29.736118237648594,True,50,5,0.50782494931021,0.32542796564726334,0.8776940139583853,0.9685775149003298,7.893624595483963,4.008579510075471,-0.17589066646366458,1.3893684490003126,0.2646352722565668,-1.829894387720544,0.08572296091282831,-21.346607352741394,7.487413088963596e-100,True
KLF1+COL2A1,KLF1,COL2A1,247,1629,468,144.2,1.9055602158056832,1.066867503675278,1.0938427671613453,1.3031322815100093,1.7861264020519627,55.63742127920988,True,167,8,0.5883136097370272,0.3129330722721852,0.8442161916230898,0.9356480278053811,6.866731614726442,4.0397916633550786,-0.004040409537005019,1.3893684490003126,0.14211513631591455,-1.5355239948532322,0.08266287082397683,-18.575739985162055,6.313009939144144e-76,True
KLF1+FOXA1,KLF1,FOXA1,319,1629,750,191.6,1.6392270160297742,1.0373922136223392,1.0688049391741594,1.2532305249393136,1.580142008494515,35.81865662644347,True,89,8,0.5992313288616968,0.291118393411247,0.8139749026598233,0.9448405388235455,5.562237943395149,3.3330672342656267,0.2517623566198619,1.3893684490003126,0.6137200469286235,-1.7513261393090742,0.07146588269768642,-24.50576517353742,4.0070091674937784e-131,True
KLF1+MAP2K6,KLF1,MAP2K6,217,1629,730,148.6,1.3252712437992418,1.067656545128572,1.0951650927889929,1.303626163830426,1.2412898603451605,16.614300678312347,True,3,2,0.5817066066704712,0.16809675836252155,0.8882066418428781,0.9882883371401505,4.72779752037504,2.7501910526024327,-0.13353139262452274,1.3893684490003126,0.5866913745407043,-2.1095912161655397,0.08139372702861955,-25.918351366607997,1.7236265006336806e-146,True
KLF1+TGFBR2,KLF1,TGFBR2,258,1629,530,153.5,1.2275939702698213,1.0685030753206501,1.096583761685144,1.3041560299025075,1.1488913776887626,9.962875416516967,True,2,0,0.5297349355446266,0.1318220169885677,0.8700265916529395,0.9941623893354651,4.91817078463534,2.605326883596267,0.03953083875663488,1.3893684490003126,0.2665238469444349,-1.6163614571881126,0.0800529015359427,-20.191166418401306,1.625941757524622e-89,True
LYL1+CEBPB,LYL1,CEBPB,156,353,402,84.3,1.7681158045930658,1.1705889748834204,1.208876823653584,1.3823187305983244,1.510449733023629,28.795952041483233,True,58,1,0.8068551272782157,0.266355700560616,0.8413764506897551,0.9596700574662765,6.230287880641506,5.026939720914927,-0.46357273891544537,-0.139885102668436,-0.009901070982711424,-0.31378656526429793,0.10857826278810172,-2.889957503526051,0.004768488960621424,True
LYL1+IER5L,LYL1,IER5L,521,353,322,125.1,1.5581090598350549,1.098376236186538,1.1257877910175076,1.3308455009873457,1.418556782732907,28.79925736386349,True,37,3,0.48871021484775773,0.23366369138871493,0.8810004393419023,0.9741178529413311,7.330985753021098,3.582727622404792,0.7423212955883844,-0.139885102668436,-0.23180161405732402,1.1140080123141445,0.08886542208323915,12.53589963563856,1.799019035287819e-35,True
MAP2K3+IKZF3,MAP2K3,IKZF3,217,450,556,114.1,1.4714104461209552,1.1554181700209851,1.1883747174621384,1.3766893359826444,1.2734873695938422,17.638830531074756,True,15,2,0.4619241734179162,0.17452390572971394,0.9074174300186654,0.9810456614198865,7.8217534517478855,3.6130569978773748,-0.13353139262452274,0.10289442316263298,0.31441513464884974,-0.5508409504360054,0.09312440346891133,-5.915108499136838,4.8773071098880284e-09,True
MAP2K3+MAP2K6,MAP2K3,MAP2K6,453,450,730,168.4,1.7324707738454383,1.0592519220616015,1.088785260957635,1.2884164489242405,1.6355606610310076,40.66656001903521,True,80,8,0.9104101689489398,0.5784768451174179,0.909600529227128,0.987038879072311,3.635181850237491,3.3095065224348335,0.6024633793180518,0.10289442316263298,0.5866913745407043,-0.08712241838528545,0.07634488991767675,-1.1411689568120431,0.27586915213740903,False
MAP2K3+SLC38A2,MAP2K3,SLC38A2,296,450,278,107.1,1.282121508920523,1.2100681193916545,1.2463785165657753,1.4178139793770528,1.059544903608478,3.604989054356909,True,2,0,0.6904230424723821,0.1943451081827389,0.8368397799572774,0.9922178872181262,4.0298994033681,2.782335406931041,0.17693070815907763,0.10289442316263298,-0.37873204591109566,0.4527683309075403,0.09614383903571444,4.709280755258285,3.377614855097373e-06,True
MAP2K6+IKZF3,MAP2K6,IKZF3,248,730,556,136.3,1.3840054140666376,1.0894480546709504,1.1235289813022744,1.3237542022414783,1.2703730188261737,16.54500695811109,True,5,0,0.40925639811284614,0.10881167176832524,0.9284355498798662,0.9955460422046362,7.865672663057292,3.2190768628175057,0.0,0.5866913745407043,0.31441513464884974,-0.901106509189554,0.08506837201214257,-10.592732502991018,8.215590113639082e-26,True
MAP2K6+SPI1,MAP2K6,SPI1,239,730,488,129.2,2.5216608822894515,1.0904813531686675,1.1190186277376408,1.324470479807411,2.312429162554804,87.88996643478971,True,389,7,1.2008794296936942,0.5247767823283698,0.8090816213816766,0.9775914637066837,4.540509193197293,5.452604090445741,-0.03696519423347144,0.5866913745407043,0.183962246251415,-0.8076188150255907,0.08741337728766348,-9.239075758025526,5.012813496744526e-20,True
MAPK1+IKZF3,MAPK1,IKZF3,254,648,556,134.8,2.39352570755505,1.0903062383968538,1.1236443115369734,1.3244961260337822,2.195278375252078,73.93706330846246,True,331,9,0.6589746039399633,0.2843138100604035,0.9164996213676683,0.9665721871762456,8.071955067456418,5.3192133935982735,0.02390552085355413,0.4675375367505419,0.31441513464884974,-0.7580471505458375,0.08552844232445138,-8.8631001564391,1.5199142751657087e-18,True
MAPK1+PRTG,MAPK1,PRTG,376,648,579,164.8,2.479958141460767,1.0629361761375111,1.0921527615889124,1.2943467148386423,2.3331204611667453,85.81321894986198,True,326,8,0.9755247081040733,0.44529282931078545,0.8089476310446073,0.897495201209858,4.849346842057901,4.730657662593944,0.41616039722491216,0.4675375367505419,0.35494931797126306,-0.4063264574968928,0.07719781101274252,-5.263445325280315,2.0082466720375275e-07,True
MAPK1+TGFBR2,MAPK1,TGFBR2,383,648,530,161.9,1.2348521000972974,1.0660144928883903,1.0949664203074139,1.299301649141582,1.1583820936162301,10.246252195803715,True,4,1,0.492365291361635,0.167670404796076,0.8874965805264533,0.9833569438618859,5.010829778196456,2.4671586637052547,0.4346062430156632,0.4675375367505419,0.2665238469444349,-0.29945514067931356,0.07791742296720292,-3.843237228281543,0.00015647164433187416,True
PLK4+STIL,PLK4,STIL,60,95,260,32.1,1.6444751448599697,1.6475656467494588,1.6976728472419822,1.6146175108982244,0.998124201062588,-0.08476352822583515,False,81,0,0.8923068361718789,0.5005953243367686,0.604587968748334,0.9290644875608672,6.534246868293633,5.8305531498131,-1.419084183942882,-1.4524762680011918,-0.44567152858620496,0.4790636126445147,0.17661846778087406,2.712420839472328,0.008185506476575293,True
POU3F2+CBFA2T3,POU3F2,CBFA2T3,192,310,526,95.5,1.444801696568916,1.185927558924908,1.2196096502178435,1.3926640787464266,1.2182883226684504,13.595554371532646,True,23,1,0.523415761212888,0.28295659003359286,0.8515037128057286,0.9682176035816644,7.368257194231024,3.85666194813077,-0.25593337413720096,-0.2697808621225404,0.2589480531359776,-0.24510056515063816,0.1019160145405268,-2.4049269023679702,0.01907511904421212,True
POU3F2+FOXL2,POU3F2,FOXL2,270,310,531,111.7,1.5056855643245115,1.1768620143763142,1.211682759044219,1.3933984094816958,1.2794070553143475,17.383853225476525,True,21,0,0.4339869222264469,0.2033807043447909,0.8991235914859185,0.9839583662322315,8.966310649467944,3.8912615624888076,0.08499321283339256,-0.2697808621225404,0.2684088616402063,0.08636521331572666,0.09411026738185788,0.9177023476651575,0.3768641998519538,False
PRDM1+CBFA2T3,PRDM1,CBFA2T3,93,261,526,60.2,1.6714818024927613,1.2682924820362291,1.3037960820546672,1.4586653059108143,1.3178993222519275,18.919211507997225,True,37,0,0.48958325394152397,0.24303291429287838,0.8695102685412087,0.9711331799421311,11.659679235875881,5.708383700214536,-0.9808292530117262,-0.44183275227903884,0.2589480531359776,-0.7979445538686649,0.1287149585744877,-6.1993148481409195,8.540585303553995e-10,True
PTPN12+OSR2,PTPN12,OSR2,276,353,833,128.3,1.834936816617319,1.0905094696411903,1.118275926764462,1.3244663620427495,1.682641799727853,46.32910223842376,True,102,4,1.230562020697046,0.31940127376450583,0.6600300743098303,0.9707297727168055,3.1791437567178478,3.9121335653531126,0.10697211955216712,-0.139885102668436,0.7186804825651105,-0.4718232603445074,0.08771973015637669,-5.378758684088459,1.0776028491734841e-07,True
PTPN12+PTPN9,PTPN12,PTPN9,288,353,358,108.3,1.463472259174481,1.2093506808047791,1.2469957922631354,1.4187136237802211,1.2101305952055141,12.437525541146398,True,17,2,0.44308876825637683,0.19380070276633782,0.895114417040784,0.9887663191957504,7.5297816681185274,3.336361684566085,0.14953173397096364,-0.139885102668436,-0.12582017320103223,0.4152370098404319,0.09562321089854124,4.342429060252007,1.8738828883985838e-05,True
PTPN12+SNAI1,PTPN12,SNAI1,237,353,372,101.2,1.4492560266670123,1.2138575270224785,1.2431181549394426,1.4130621867793862,1.1939259710502867,13.345929845238325,True,12,1,0.6812634414977526,0.24804455475705656,0.8446977627097538,0.9713320679114947,5.250888002624535,3.577238031587251,-0.04536860502985096,-0.139885102668436,-0.08745930532858637,0.18197580296717142,0.09893971217200133,1.839259473999847,0.07287282158999925,False
PTPN12+UBASH3A,PTPN12,UBASH3A,247,353,671,117.5,1.7612795449535288,1.1304628203756966,1.1611600503739348,1.3570299815174105,1.5580163391558401,37.41758481279941,True,57,11,0.5521550635546535,0.48650536600056393,0.8593144627369697,0.9727755406941554,8.361282160639128,4.616724282806088,-0.004040409537005019,-0.139885102668436,0.5024159773699495,-0.3665712842385185,0.09172539902212881,-3.996398905281218,8.374131201790547e-05,True
PTPN12+ZBTB25,PTPN12,ZBTB25,253,353,583,115.8,1.4245636761400962,1.140160918088018,1.171791092968823,1.364800863947632,1.2494408934214345,16.532678952932528,True,5,2,0.4218245262190089,0.18539336407193627,0.9051712609777575,0.9827944014271437,7.873457017552408,3.3212172761347754,0.01996074256253788,-0.139885102668436,0.36183402674875964,-0.20198818151778575,0.09242906232353461,-2.185331933918741,0.03310151098824961,True
RHOXF2+SET,RHOXF2,SET,259,280,777,112.9,1.9571749429630796,1.166022859261104,1.1999013137980377,1.384952524663349,1.6785047800892343,42.975094660182734,True,138,6,0.5446667684775218,0.2335668745688536,0.917679749342428,0.9925089544159109,9.411296352761452,5.126020371642867,0.043399315534554894,-0.3715635564324833,0.6490871907659148,-0.23412431879887663,0.09361068843592225,-2.501042591510667,0.014741462541962713,True
RHOXF2+ZBTB25,RHOXF2,ZBTB25,203,280,583,96.6,1.3733069740962134,1.191546373310778,1.2243389762256132,1.3967676703602705,1.152541776683356,9.68931702417502,True,11,0,0.40936602622219287,0.13421518288315865,0.9201639996139415,0.9927793323852435,8.94403474884473,3.661383963527776,-0.2002227671231953,-0.3715635564324833,0.36183402674875964,-0.19049323743947166,0.10131033982785219,-1.8802941315087895,0.0670401815450087,False
SAMD1+PTPN12,SAMD1,PTPN12,281,415,353,111.9,1.3994075389021943,1.175528788793239,1.2102336309488229,1.3923595582435835,1.1904493979588386,11.874821423651984,True,17,2,0.3947886134428664,0.1679720132238636,0.9237312620041714,0.987182109280405,8.279385442488335,3.268607098999023,0.12492592316876294,0.02192536062896533,-0.139885102668436,0.24288566520823363,0.09404867965075138,2.5825526324259584,0.01178754829560812,True
SAMD1+TGFBR2,SAMD1,TGFBR2,57,415,530,45.5,1.439928450659883,1.3980558288480345,1.4361570501699856,1.5252772623791229,1.0299506077996547,1.6570338776224203,True,5,1,0.6307354872190591,0.1891663227078121,0.7750941803698562,0.9801300785806184,7.059808200661903,4.4528715651175945,-1.4703774783304322,0.02192536062896533,0.2665238469444349,-1.7588266859038324,0.14815301896571792,-11.871689812212457,5.063376401763595e-32,True
SAMD1+UBASH3B,SAMD1,UBASH3B,197,415,968,115.5,1.234054173517872,1.1423307013197068,1.174149503939836,1.3664915620750078,1.0802950249802437,5.30079079428919,True,3,1,0.36700179481189465,0.18247878036817827,0.9280088053076279,0.9854621427293185,8.498846817473817,3.1190920358442495,-0.23022501742699397,0.02192536062896533,0.8688789276748441,-1.1210293057308034,0.09252764148941493,-12.115615265726275,2.8719242864110127e-33,True
SAMD1+ZBTB1,SAMD1,ZBTB1,153,415,589,92.8,1.3472020869593855,1.1720786892515587,1.2079531307056333,1.3825498266017584,1.149412662574433,8.872988644577518,True,13,2,0.4089411547817678,0.20481645754536718,0.9255940195124509,0.9800322489628055,8.590630290318618,3.513062271226129,-0.4829908247725472,0.02192536062896533,0.372073024049854,-0.8769892094513665,0.10342393683214553,-8.479557405310322,4.1553712571812666e-17,True
SET+CEBPE,SET,CEBPE,519,777,1009,230.3,6.696597814783866,1.0454599533695412,1.0744282888687615,1.2409623808569827,6.405408254233535,339.19640836285845,True,2046,18,1.2661397239124073,0.6373852898183107,0.8719696619889395,0.9350355282702285,6.402754707775448,8.106782077981672,0.738475137000906,0.6490871907659148,0.910361860751876,-0.8209739145168848,0.06500657235519651,-12.6290909483902,5.7013518617284336e-36,True
SET+KLF1,SET,KLF1,538,777,1629,256.6,2.5775949204565594,1.0502038425658335,1.0777348590729439,1.2337486235972854,2.454375823039306,92.13955327379095,True,377,11,0.6206783213017304,0.30206210724741395,0.8723631594149034,0.9453918547965087,6.102845968584835,3.787904190944268,0.774429813996802,0.6490871907659148,1.3893684490003126,-1.2640258257694255,0.0614685188074308,-20.56379184488532,9.050718477897608e-93,True
SGK1+S1PR2,SGK1,S1PR2,303,434,438,124.6,1.5683346990456872,1.100288905401813,1.1278963180937125,1.332406348023371,1.4253844525251749,29.22229604095312,True,49,5,0.45865621314432337,0.33162382916925004,0.9009322675738198,0.9492841394764302,8.434256802142311,3.868424285557343,0.20030405934438633,0.06669137449867257,0.0758657507747138,0.057746934070999956,0.08903346114668265,0.6485981037608082,0.5336758073297441,False
SGK1+TBX2,SGK1,TBX2,277,434,554,127.3,1.435956515965949,1.0905422882785034,1.1174090173806193,1.3244615556281163,1.3167362067478428,21.83860334226755,True,18,2,0.4195185988448251,0.2049999555840939,0.9343189863161733,0.9868087614664633,7.611349014513548,3.1931024738876643,0.11058876002235607,0.06669137449867257,0.3108115271455514,-0.2669141416218679,0.08807862730955245,-3.030407600288749,0.003052798772422744,True
SGK1+TBX3,SGK1,TBX3,240,434,553,118.8,1.3941009190717872,1.1248255072253057,1.1549454747851629,1.352429612853732,1.2393930526262016,16.122823896785725,True,9,1,0.4387767250377551,0.11864795857241625,0.9251815628852154,0.9934289602620845,7.4204048642628475,3.25590094479548,-0.032789822822991255,0.06669137449867257,0.3090048419206024,-0.40848603924226623,0.09121656477391196,-4.478200206889327,1.0117606029551581e-05,True
SNAI1+DLX2,SNAI1,DLX2,98,372,595,68.0,1.6578112191236825,1.2328502540012924,1.2693638482567882,1.4309703662841364,1.3446979580392286,20.132983467847904,True,20,2,0.4936626668619972,0.3365234246942775,0.8665074944092592,0.9524699042706988,10.220980838551972,5.045716658704939,-0.9284612674944102,-0.08745930532858637,0.3822082459438976,-1.2232102081097214,0.1210193114824998,-10.107562116535474,1.2061556812334125e-23,True
SNAI1+UBASH3B,SNAI1,UBASH3B,249,372,968,127.0,1.2191168428569679,1.0905516413158916,1.117161955450474,1.3244601858401102,1.1178900628547455,8.165468487859204,True,0,0,0.49388194981165934,0.18519741250408303,0.8977345110661878,0.9818567315177085,5.6865740248416285,2.808496267137119,0.004024150299724916,-0.08745930532858637,0.8688789276748441,-0.7773954720465328,0.08818116917283388,-8.815889824763476,2.2834270194125604e-18,True
TBX3+TBX2,TBX3,TBX2,942,553,554,207.8,1.641602199182875,1.0409527418927556,1.0712866869981408,1.2478162360307221,1.5770189491964484,35.88184807070601,True,50,10,0.4474200092998521,0.2711124727243057,0.9553265804174889,0.9937391729428655,6.443865527961636,2.8831143744475916,1.3345765284113806,0.3090048419206024,0.3108115271455514,0.7147601593452269,0.06854400617362405,10.427755820614244,4.539483708571728e-25,True
TGFBR2+ETS2,TGFBR2,ETS2,271,530,1010,149.2,1.211865491460678,1.0677537969917659,1.0953280736190882,1.3036870363937856,1.1349671571058093,9.262412521299927,True,6,0,0.7919126809544141,0.1895015679699825,0.7352183929655032,0.9881940462300941,3.151909046447913,2.496036743097038,0.08869007471471857,0.2665238469444349,0.9113524502335721,-1.0891862224632884,0.08123860142631986,-13.407249796774707,2.6362899328591747e-40,True
TGFBR2+IGDCC3,TGFBR2,IGDCC3,258,530,498,126.5,1.2629758120086616,1.0927380855892426,1.1195722922270348,1.3262444489192875,1.155790054967857,10.770444726892027,True,3,1,0.5159497346737975,0.22230018829483592,0.8844328443016133,0.9883513679222009,5.449262012335678,2.8115452894325967,0.03953083875663488,0.2665238469444349,0.20424691742292023,-0.4312399256107202,0.08837185778044998,-4.879833200769499,1.4584560429564453e-06,True
TGFBR2+PRTG,TGFBR2,PRTG,206,530,579,116.2,1.2826767127538659,1.1362722855108276,1.1675644063586832,1.361770836007379,1.1288462537632167,8.6014193721472,True,2,1,0.4814982156205374,0.24300581180327704,0.8872586979535814,0.9885396265449933,6.194114314109193,2.9824549895932053,-0.1855525773754012,0.2665238469444349,0.35494931797126306,-0.8070257422910991,0.09225264550093837,-8.747995658107065,4.113174624137755e-18,True
TMSB4X+BAK1,TMSB4X,BAK1,262,456,1154,142.6,1.1129926196250097,1.0665797986821774,1.0933606129171156,1.3029521991974833,1.0435155634863684,3.11140943437633,True,0,0,0.6871726320590482,0.08311596335415741,0.750611229960873,0.9973486544987605,3.407861618014295,2.34178923774389,0.05491575759611411,0.11613964991265391,1.0446362874663127,-1.1058601797828524,0.0831303433752271,-13.30272599490308,1.0332431030630784e-39,True
UBASH3B+CNN1,UBASH3B,CNN1,341,968,624,175.3,1.9075470060797644,1.0525051165605253,1.0826185115109723,1.277556624962656,1.8123873946698,51.41239588885281,True,156,12,0.41939006007395185,0.2843808251980279,0.9190640201350259,0.9746054688424883,9.755596476739647,4.0914001924370735,0.3184537311185345,0.8688789276748441,0.42979720876769534,-0.980222405324005,0.07480621299759391,-13.103489216270487,1.3554386335650955e-38,True
UBASH3B+OSR2,UBASH3B,OSR2,666,968,833,258.2,2.2273400581062233,1.0504811957252786,1.0779281788692356,1.2333268687280927,2.12030454916274,71.01466762934541,True,332,5,1.2995167544926456,0.27263312938745216,0.6610888140578329,0.9712398523168079,2.8219931765418433,3.6672274139800476,0.9878609243754068,0.8688789276748441,0.7186804825651105,-0.5996984858645478,0.061267322455953434,-9.788227424100107,2.874862086956012e-22,True
UBASH3B+PTPN12,UBASH3B,PTPN12,250,968,353,124.9,1.3809858988369264,1.0988966210413398,1.1263614634265338,1.3312701646729026,1.2567022888179165,17.654988083564177,True,10,4,0.43599528730408327,0.2570990788537242,0.8978210480910302,0.9812781394742022,7.7422533493106025,3.3755859734136773,0.008032171697263557,0.8688789276748441,-0.139885102668436,-0.7209616533091445,0.08891111055312116,-8.108791452766706,8.754401923366974e-16,True
UBASH3B+PTPN9,UBASH3B,PTPN9,278,968,358,132.3,1.3757874506841368,1.0903852836095216,1.1215563200108172,1.3244845495608402,1.2617443314438759,16.76847462315861,True,4,3,0.4163953753094224,0.30337047672553175,0.9071187521393664,0.984062245577391,7.706732558895504,3.2090477962706383,0.11419236752565443,0.8688789276748441,-0.12582017320103223,-0.6288663869481574,0.08637438343828789,-7.280704786708725,5.461853012799385e-13,True
UBASH3B+UBASH3A,UBASH3B,UBASH3A,421,968,671,198.6,1.1686865618057332,1.038960161306371,1.0698978249645332,1.2508462378026433,1.124861765956691,7.733458735669504,True,2,1,0.4959757681095842,0.2731004844881728,0.8820165058951556,0.9804494385090103,4.56652534136315,2.2648859137744695,0.5292040875173987,0.8688789276748441,0.5024159773699495,-0.8420908175273949,0.07016496132669935,-12.00158599969128,1.1171553728000652e-32,True
UBASH3B+ZBTB25,UBASH3B,ZBTB25,224,968,583,136.1,1.3497619800834995,1.0902695760679395,1.1246127526293412,1.3245014953717136,1.2380075622686089,14.49104173935096,True,3,2,0.42210465047522855,0.23800552481913997,0.9038237266172287,0.98592567437693,7.360982815725908,3.107105078586148,-0.10178269430994291,0.8688789276748441,0.36183402674875964,-1.3324956487335466,0.08513879644225571,-15.65086311312017,2.409883196318106e-54,True
ZBTB10+DLX2,ZBTB10,DLX2,73,134,595,43.5,1.6848878069420088,1.4298618780275483,1.4694935512057,1.5366658336265724,1.1783570377204973,9.552913094577097,True,26,0,0.5057543113798799,0.26496119262727363,0.8618776885394311,0.9717238788361634,14.116036569439164,7.139246354589907,-1.2229693050165915,-1.1085133596508214,0.3822082459438976,-0.49666419130966766,0.1515124278965306,-3.2780425883535096,0.0013198184778352101,True
ZBTB10+PTPN12,ZBTB10,PTPN12,218,134,353,66.6,1.5404448622838485,1.2388937260681097,1.2752351000006255,1.4356928006034753,1.2434035542118491,14.262873202518403,True,41,1,0.5578154819600771,0.21906189584396588,0.8877592618202397,0.9725176902274425,8.24835134931033,4.601058083291594,-0.12893368337589362,-1.1085133596508214,-0.139885102668436,1.1194647789433638,0.12229880593434835,9.153521740386473,1.0933947803998293e-19,True
ZBTB10+SNAI1,ZBTB10,SNAI1,81,134,372,44.2,1.6213946852975385,1.4190524563807085,1.4581639989594735,1.532795379051282,1.1425896752491473,7.719646406160703,True,43,0,0.48364050136606584,0.24366599846552453,0.8775964872702338,0.9703640125346442,12.42838410999971,6.010869922130306,-1.1189795914925433,-1.1085133596508214,-0.08745930532858637,0.07699307348686446,0.15036236220907154,0.5120501723683307,0.6185120894067191,False
ZC3HAV1+CEBPA,ZC3HAV1,CEBPA,81,432,387,57.5,1.5376726588228287,1.281244246409147,1.316378761070889,1.4687859544212107,1.2001401474639637,11.990795791160332,True,17,0,0.4502785592800739,0.17867227560117327,0.9281810108282856,0.9964015511996938,11.882370642539717,5.350376733754629,-1.1189795914925433,0.062072428642378163,-0.0479284665719506,-1.133123553562971,0.13164557448801778,-8.607380521295886,1.394570796254783e-17,True
ZC3HAV1+CEBPE,ZC3HAV1,CEBPE,340,432,1009,156.6,3.920647235610573,1.0690258622068096,1.097459881050585,1.304483256310375,3.6674952161747605,175.4394514830244,True,954,14,1.8841705872786885,0.911572847742459,0.6919475454504187,0.9669246334350713,3.55054679557328,6.689835840975772,0.315516871445225,0.062072428642378163,0.910361860751876,-0.6569174179490291,0.07923545192407945,-8.290700715362407,1.9545701014891347e-16,True
ZC3HAV1+HOXC13,ZC3HAV1,HOXC13,531,432,327,135.3,1.568057301247114,1.0902937418062626,1.1239744109114944,1.324497956207147,1.4381971033323115,26.959004874974326,True,12,0,0.7191577142124542,0.20250141851702025,0.8743583952282532,0.9792412499623837,5.044563203896533,3.627836542914485,0.7613332750769564,0.062072428642378163,-0.2163929887044791,0.9156538351390573,0.08539543654770373,10.722514834004663,2.0782155615031526e-26,True
ZNF318+FOXL2,ZNF318,FOXL2,194,536,531,110.6,1.2835883265000692,1.187301101999925,1.2230293573676503,1.4015325611513145,1.0810975618046301,4.962569537627512,True,1,1,0.5434852059482321,0.33272460790878217,0.8566550333069841,0.9486721666455407,5.606224444625327,3.0469000468792093,-0.24557058710165425,0.27778100146906937,0.2684088616402063,-0.7917604502109299,0.09459384950317853,-8.370104973731143,1.0428791287274768e-16,True
